model,precision_0,recall_0,f1_score_0,precision_1,recall_1,f1_score_1,accuracy,macro_avg_precision,macro_avg_recall,macro_avg_f1,weighted_avg_precision,weighted_avg_recall,weighted_avg_f1
Logistic Regression,0.8860759493670886,0.7,0.7821229050279329,0.7619047619047619,0.9142857142857143,0.8311688311688312,0.8097560975609757,0.8239903556359252,0.8071428571428572,0.8066458680983821,0.8224760728619943,0.8097560975609757,0.807243989148881
